Names,NID,Phone Number,Gender,Email
blaise Bakundukize,123214124,9934334,male,blaise@gmail.com
blaise Bakundukize,1232141254,29934334,male,blaise1@gmail.com
blaise Bakundukize,123214124,9934334,male,blaise@gmail.com
blaise Bakundukize,123214124,9934334,male,blaise@gmail.com
blaise Bakundukize,123214124,9934334,male,blaise@gmail.com
blaise Bakundukize,123214124,9934334,male,blaise@gmail.com
blaise Bakundukize,123214124,9934334,male,blaise@gmail.com
blaise Bakundukize,123214124,9934334,male,blaise@gmail.com
blaise Bakundukize,123214124,9934334,male,blaise@gmail.com
blaise Bakundukize,123214124,9934334,male,blaise@gmail.com
blaise Bakundukize,123214124,9934334,male,blaise@gmail.com
blaise Bakundukize,123214124,9934334,male,blaise@gmail.com
blaise Bakundukize,123214124,9934334,male,blaise@gmail.com
blaise Bakundukize,123214124,9934334,male,blaise@gmail.com
blaise Bakundukize,123214124,9934334,male,blaise@gmail.com
blaise Bakundukize,123214124,9934334,male,blaise@gmail.com
blaise Bakundukize,123214124,9934334,male,blaise@gmail.com
blaise Bakundukize,123214124,9934334,male,blaise@gmail.com
blaise Bakundukize,123214124,9934334,male,blaise@gmail.com
